{
  "urls": [
    "audio4.m4a",
    "audio4.mp3",
    "audio4.ogg"
  ],
  "sprite": {
    "Win": [
      0,
      2625.0113378684805
    ],
    "ButtonGeneric": [
      3050,
      899.9999999999999
    ]
  }
}