{
  "urls": [
    "audio2.m4a",
    "audio2.mp3",
    "audio2.ogg"
  ],
  "sprite": {
    "ButtonBetUp": [
      0,
      191.2925170068027
    ],
    "HelpPageClose": [
      1050,
      1496.8707482993195
    ],
    "Reveal2": [
      3099.9999999999995,
      1368.9115646258508
    ]
  }
}