{
  "urls": [
    "audio3.m4a",
    "audio3.mp3",
    "audio3.ogg"
  ],
  "sprite": {
    "ButtonBetMax": [
      0,
      855.5328798185941
    ],
    "Match": [
      1050,
      2919.229024943311
    ],
    "GameInit": [
      4100.000000000001,
      7125.01133786848
    ]
  }
}